index,categoria
271,Entretenimiento
165,Deportes
397,Deportes
879,Deportes
777,Deportes
491,Deportes
972,Deportes
813,Entretenimiento
686,Entretenimiento
238,Entretenimiento
802,Película y Animación
678,Deportes
43,Educación
593,Deportes
613,Película y Animación
999,Deportes
590,Educación
862,Deportes
74,Educación
308,Educación
504,Deportes
583,Entretenimiento
749,Deportes
751,Película y Animación
814,Película y Animación
641,Educación
975,Entretenimiento
277,Deportes
293,Película y Animación
398,Deportes
423,Película y Animación
895,Película y Animación
186,Película y Animación
119,Película y Animación
869,Película y Animación
138,Película y Animación
842,Película y Animación
76,Película y Animación
936,Película y Animación
477,Película y Animación
433,Película y Animación
615,Deportes
229,Deportes
695,Entretenimiento
66,Película y Animación
917,Película y Animación
322,Deportes
938,Película y Animación
242,Entretenimiento
436,Deportes
934,Película y Animación
774,Entretenimiento
354,Entretenimiento
202,Película y Animación
735,Educación
14,Deportes
441,Deportes
951,Deportes
761,Educación
333,Deportes
644,Deportes
880,Película y Animación
153,Película y Animación
378,Entretenimiento
431,Educación
413,Deportes
640,Entretenimiento
363,Película y Animación
726,Educación
649,Educación
604,Educación
713,Educación
41,Película y Animación
808,Educación
95,Entretenimiento
815,Entretenimiento
162,Deportes
447,Entretenimiento
347,Entretenimiento
320,Deportes
337,Película y Animación
971,Entretenimiento
356,Deportes
796,Educación
113,Educación
221,Educación
602,Educación
702,Educación
514,Deportes
821,Entretenimiento
775,Deportes
724,Entretenimiento
706,Película y Animación
687,Entretenimiento
190,Educación
367,Deportes
717,Película y Animación
49,Película y Animación
835,Película y Animación
801,Deportes
268,Deportes
336,Película y Animación
299,Película y Animación
757,Deportes
723,Deportes
63,Película y Animación
677,Deportes
207,Entretenimiento
572,Deportes
625,Entretenimiento
956,Educación
254,Deportes
68,Deportes
175,Educación
407,Deportes
708,Película y Animación
210,Entretenimiento
222,Deportes
316,Película y Animación
490,Deportes
219,Película y Animación
544,Deportes
816,Deportes
141,Película y Animación
399,Deportes
298,Educación
733,Entretenimiento
451,Entretenimiento
783,Entretenimiento
567,Deportes
770,Película y Animación
124,Entretenimiento
12,Entretenimiento
56,Entretenimiento
964,Película y Animación
123,Deportes
264,Deportes
522,Deportes
891,Deportes
797,Deportes
669,Deportes
955,Deportes
663,Entretenimiento
115,Entretenimiento
169,Entretenimiento
741,Entretenimiento
145,Entretenimiento
118,Entretenimiento
191,Entretenimiento
915,Entretenimiento
295,Entretenimiento
629,Entretenimiento
683,Entretenimiento
351,Entretenimiento
621,Entretenimiento
581,Entretenimiento
429,Entretenimiento
288,Entretenimiento
985,Entretenimiento
535,Entretenimiento
199,Entretenimiento
270,Entretenimiento
314,Entretenimiento
157,Entretenimiento
742,Entretenimiento
913,Entretenimiento
37,Entretenimiento
591,Entretenimiento
89,Entretenimiento
328,Entretenimiento
860,Entretenimiento
825,Entretenimiento
61,Entretenimiento
841,Entretenimiento
350,Entretenimiento
480,Entretenimiento
705,Entretenimiento
445,Entretenimiento
782,Entretenimiento
805,Entretenimiento
878,Entretenimiento
550,Entretenimiento
838,Entretenimiento
108,Entretenimiento
791,Entretenimiento
59,Entretenimiento
853,Deportes
335,Deportes
232,Educación
60,Educación
223,Deportes
462,Deportes
416,Deportes
272,Deportes
8,Deportes
151,Deportes
104,Deportes
83,Educación
658,Película y Animación
864,Película y Animación
